<?xml version="1.0" encoding="UTF-8"?>
<mappings xmlns="http://dozer.sourceforge.net" xmlns:xsi="http://www.w3.org/2001/XMLSchema-instance"
  xsi:schemaLocation="http://dozer.sourceforge.net http://dozer.sourceforge.net/schema/beanmapping.xsd">
     
    <mapping>
        <class-a>org.openhmis.domain.Client</class-a>
        <class-b>org.openhmis.vo.ClientVO</class-b>
        
        <field>
        	<a>clientKey</a>
        	<b>clientKey</b>
        </field>
        <field>
        	<a>nameLast</a>
        	<b>nameLast</b>
        </field>
         <field>
        	<a>nameFirst</a>
        	<b>nameFirst</b>
        </field>
         <field>
        	<a>nameMiddle</a>
        	<b>nameMiddle</b>
        </field>
         <field>
        	<a>socSecNumber</a>
        	<b>socSecNumber</b>
        </field>
         <field>
			  <a date-format="yyyy-MM-dd">dateOfBirth</a>
			  <b>dateOfBirth</b>
		</field> 
		<!-- <field>
        	<a>codeEthnicity</a>
        	<b>ethnicityVO</b>
        	<a-hint>org.openhmis.domain.CodeEthnicity</a-hint>
        	<b-hint>org.openhmis.vo.EthnicityVO</b-hint>
        </field> -->
		
        <!--
        <field>
			  <a date-format="yyyy-MM-dd HH:mm:ss:SS">entryDateTime</a>
			  <b>entryDateTime</b>
		</field>
		<field>
			<a date-format="yyyy-MM-dd HH:mm:ss:SS">logDateTime</a>
			  <b>logDateTime</b>
		</field>
          
        <field>
        	<a>races</a>
        	<b>racesVO</b>
        	<a-hint>org.openhmis.domain.Race</a-hint>
        	<b-hint>org.openhmis.vo.RaceVO</b-hint>
        </field>
        <field>
        	<a>ethnicity</a>
        	<b>ethnicityVO</b>
        	<a-hint>org.openhmis.domain.Ethnicity</a-hint>
        	<b-hint>org.openhmis.vo.EthnicityVO</b-hint>
        </field>
        <field>
        	<a>gender</a>
        	<b>genderVO</b>
        	<a-hint>org.openhmis.domain.Gender</a-hint>
        	<b-hint>org.openhmis.vo.GenderVO</b-hint>
        </field>
        -->
    </mapping>
  
   <mapping>
   		<class-a>org.openhmis.domain.Client</class-a>
   		<class-b>org.openhmis.vo.ClientDetailVO</class-b>
   		  <field>
        	<a>clientKey</a>
        	<b>clientKey</b>
        </field>
        <field>
        	<a>nameLast</a>
        	<b>nameLast</b>
        </field>
         <field>
        	<a>nameFirst</a>
        	<b>nameFirst</b>
        </field>
         <field>
        	<a>nameMiddle</a>
        	<b>nameMiddle</b>
        </field>
         <field>
        	<a>socSecNumber</a>
        	<b>socSecNumber</b>
        </field>
         <field>
			  <a date-format="yyyy-MM-dd">dateOfBirth</a>
			  <b>dateOfBirth</b>
		</field>
		<field>
			<a>veteranStatusGct</a>
			<b>veteranStatusGct</b>
		</field>
		<field>
			<a>recActiveGct</a>
			<b>recActiveGct</b>
		</field> 
		<field>
			<a date-format="yyyy-MM-dd HH:mm:ss">entryDateTime</a>
			<b>entryDateTime</b>
		</field>
		<field>
			<a>entryUserKey</a>
			<b>entryUserKey</b>
		</field>
		<field>
			<a date-format="yyyy-MM-dd HH:mm:ss">logDateTime</a>
			<b>logDateTime</b>
		</field>
		<field>
			<a>logUserKey</a>
			<b>logUserKey</b>
		</field>
		<field>
			<a>codeEthnicity</a>
			<b>ethnicityVO</b>
			<a-hint>org.openhmis.domain.CodeEthnicity</a-hint>
			<b-hint>org.openhmis.vo.EthnicityVO</b-hint>
		</field>
		<field>
			<a>codeGender</a>
			<b>genderVO</b>
			<a-hint>org.openhmis.domain.CodeGender</a-hint>
			<b-hint>org.openhmis.vo.GenderVO</b-hint>
		</field>
   </mapping>
    
    <mapping>
    	<class-a>org.openhmis.domain.CodeGender</class-a>
    	<class-b>org.openhmis.vo.GenderVO</class-b>
    	<field>
			<a date-format="yyyy-MM-dd HH:mm:ss">logDateTime</a>
			<b>logDateTime</b>
		</field>
    </mapping>
    
    <mapping>
    	<class-a>org.openhmis.domain.CodeEthnicity</class-a>
    	<class-b>org.openhmis.vo.EthnicityVO</class-b>
    	
    	<field>
			<a date-format="yyyy-MM-dd HH:mm:ss">logDateTime</a>
			<b>logDateTime</b>
		</field>
    </mapping>
    
    <mapping>
    	<class-a>org.openhmis.domain.CodeRace</class-a>
    	<class-b>org.openhmis.vo.RaceVO</class-b>
    	<field>
			<a date-format="yyyy-MM-dd HH:mm:ss">logDateTime</a>
			<b>logDateTime</b>
		</field>
    </mapping>
       
</mappings>